0,11,34,0.9978,0.56,9.4,5
0,25,67,0.9968,0.68,9.8,5
0.04,15,54,0.997,0.65,9.8,5
0.56,17,60,0.998,0.58,9.8,6
0,11,34,0.9978,0.56,9.4,5
0,13,40,0.9978,0.56,9.4,5
0.06,15,59,0.9964,0.46,9.4,5
0,15,21,0.9946,0.47,10,7
0.02,9,18,0.9968,0.57,9.5,7
0.36,17,102,0.9978,0.8,10.5,5
0.08,15,65,0.9959,0.54,9.2,5
0.36,17,102,0.9978,0.8,10.5,5
0,16,59,0.9943,0.52,9.9,5
0.29,9,29,0.9974,1.56,9.1,5
0.18,52,145,0.9986,0.88,9.2,5
0.19,51,148,0.9986,0.93,9.2,5
0.56,35,103,0.9969,0.75,10.5,7
0.28,16,56,0.9968,1.28,9.3,5
0.08,6,29,0.9974,0.5,9,4
0.51,17,56,0.9969,1.08,9.2,6
0.48,29,60,0.9968,0.53,9.4,6
0.31,23,71,0.9982,0.65,9.7,5
0.21,10,37,0.9966,0.91,9.5,5
0.11,9,67,0.9968,0.53,9.4,5
0.14,21,40,0.9968,0.63,9.7,6
0.16,11,23,0.9955,0.56,9.3,5
0.24,4,11,0.9962,0.59,9.5,5
0.21,10,37,0.9966,0.91,9.5,5
0,14,35,0.9972,0.55,9.4,5
0,8,16,0.9964,0.59,9.8,6
0.07,17,82,0.9958,0.54,10.1,5
0,22,37,0.9966,0.57,10.6,6
0.12,15,113,0.9966,0.66,9.8,5
0.12,40,83,0.9993,0.52,9.4,6
0.25,13,50,0.9957,0.55,9.2,5
0,5,18,0.9986,0.55,9.6,6
0.14,3,15,0.9975,0.6,10.8,6
0.28,13,30,0.9968,0.73,9.7,7
0.09,7,19,0.994,0.48,9.8,4
0.36,12,87,0.9978,0.83,10.5,5
0.36,12,87,0.9978,0.83,10.5,5
0.3,17,46,0.9976,0.51,9.3,4
0.2,8,14,0.9968,0.9,10.5,6
0.22,9,23,0.9968,1.2,10.3,5
0.02,5,11,0.9962,0.52,9.5,5
0.15,8,65,0.9934,0.56,13.1,4
0.43,22,114,0.997,0.73,9.2,5
0.52,12,37,0.9969,0.58,9.5,5
0.23,5,12,0.9958,0.56,9.2,5
0.37,12,96,0.9954,0.58,9.2,5
0.26,4,23,0.9971,0.74,9.2,5
0.04,8,15,0.9956,0.63,9.4,6
0.04,6,14,0.9955,0.64,9.4,6
0.36,30,119,0.997,0.56,9.4,5
0.15,33,73,0.9955,0.63,10.2,6
0.04,25,45,0.9978,0.53,9.5,5
0.57,4,10,0.9971,0.63,9.6,5
0.12,50,110,0.9983,0.77,9.4,5
0.18,17,54,0.9975,0.59,10,5
0.31,9,46,0.9962,0.54,9.4,6
0.4,19,52,0.998,0.64,9.2,5
0.49,20,112,0.9968,0.71,9.3,5
0.16,12,35,0.9968,0.62,9.5,7
0.05,13,54,0.9966,0.57,9.8,5
0.05,4,11,0.9962,0.39,10.9,5
0.05,4,11,0.9962,0.39,10.9,5
0.11,11,39,0.9968,0.58,9.6,5
0.07,6,15,0.9962,0.58,10.7,5
0.57,27,65,0.9969,0.79,10.7,5
0.05,8,19,0.9962,0.95,10.5,6
0.08,15,27,0.9967,0.54,9.5,6
0.23,17,96,0.9962,0.48,9.5,5
0.22,18,94,0.9961,0.48,9.5,5
0.26,11,43,0.9976,0.53,9.2,4
0.54,28,83,0.9984,0.82,9.6,5
0.64,9,42,0.9986,0.66,10.5,5
0.64,9,42,0.9986,0.66,10.5,5
0,14,30,0.9966,0.55,10.7,6
0.12,12,80,0.9958,0.52,10.1,5
0.2,27,119,0.9972,1.12,9.1,4
0.2,3,15,0.9958,0.56,9.2,5
0.7,22,67,0.9974,1.28,9.4,5
0.47,21,73,0.997,0.57,9.1,5
0.26,16,51,0.9969,1.14,9.4,5
0.48,18,61,0.9959,0.78,10.3,6
0.15,19,40,0.9961,0.59,10.1,5
0.28,20,136,0.9972,1.95,9.9,6
0.26,9,31,0.9966,0.64,9.6,5
0.44,34,125,0.9978,1.22,9.5,5
0.08,8,24,0.9978,0.53,9,5
0.26,42,140,0.9964,0.54,9.5,5
0.28,20,136,0.9972,1.95,9.9,6
0.29,19,133,0.9972,1.98,9.8,5
0.26,9,31,0.9966,0.64,9.6,5
0.04,41,85,0.9938,0.48,10.5,4
0.17,17,106,0.9932,0.6,12.9,6
0,8,23,0.9965,0.56,10.7,5
0.25,3,22,0.9963,0.63,9.2,5
0.06,5,10,0.9967,0.56,9.8,5
0.18,13,35,0.9972,0.59,9,6
0.3,11,50,0.9972,0.61,10.2,6
0.3,8,22,0.9959,0.56,10.4,6
0.18,13,35,0.9972,0.59,9,6
0.22,12,65,0.9967,0.51,9.2,5
0.24,5,36,0.996,0.48,9.4,5
0.22,12,65,0.9967,0.51,9.2,5
0.68,18,69,0.9973,1.31,9.3,5
0.31,15,64,0.9969,0.79,9.3,5
0.53,18,80,0.9976,0.8,9.6,6
0.52,37,153,0.9969,0.69,9.3,5
0.19,12,47,0.9964,0.93,9.5,5
0.09,11,108,0.9964,0.66,9.8,5
0.1,14,111,0.9964,0.66,9.8,5
0.44,22,46,0.9988,0.67,9.7,6
0.19,12,47,0.9964,0.93,9.5,5
0.31,13,62,0.9966,0.63,10.5,6
0.28,11,40,0.9978,0.61,10,6
0.12,7,28,0.997,0.5,9.4,6
0.04,14,56,0.9962,0.6,10.9,6
0.08,22,89,0.9959,0.54,9.2,6
0.09,10,89,0.9962,0.57,9,5
0.04,14,56,0.9962,0.6,10.9,6
0,3,13,0.998,0.52,9.2,5
0,11,34,0.9976,0.53,9.5,5
0.17,21,102,0.996,0.48,9.5,5
0.04,27,90,0.9984,0.7,9.4,5
0,3,12,0.9964,0.49,10.9,5
0,3,12,0.9964,0.48,10.9,5
0.16,3,16,0.9962,0.92,10.5,7
0.15,6,19,0.9955,0.57,9.4,5
0.56,30,134,0.9968,0.66,9.4,5
0.09,17,99,0.9937,0.63,13,5
0.09,17,99,0.9937,0.63,13,5
0.01,17,26,0.9952,0.58,9.8,6
0.05,13,29,0.9959,0.55,9.9,6
0.11,16,63,0.9965,0.82,9.6,5
0.15,10,52,0.9968,0.77,9.5,5
0.36,13,45,0.9972,0.64,9.2,5
0.19,15,105,0.9962,0.54,9.5,5
0.19,17,108,0.9962,0.54,9.5,5
0.11,16,63,0.9965,0.82,9.6,5
0.15,10,52,0.9968,0.77,9.5,5
0,27,63,0.9916,0.79,14,6
0.08,3,20,0.9954,0.58,9.4,5
0,27,63,0.9916,0.79,14,6
0.55,32,141,0.9968,0.62,9.4,5
0.02,21,94,0.9944,0.52,10,5
0.26,10,88,0.9968,0.8,9.3,5
0.1,12,30,0.9959,0.58,10.2,6
0.44,11,43,0.9975,0.61,10.5,6
0.47,5,11,0.9958,0.53,10.3,6
1,32,69,0.9996,2,9.4,4
0.03,25,99,0.995,0.54,10.1,5
0.03,25,99,0.995,0.54,10.1,5
0.42,29,129,0.9973,0.72,10.5,5
0.42,28,128,0.9973,0.71,10.5,5
0.42,29,129,0.9973,0.72,10.5,5
0.42,28,128,0.9973,0.71,10.5,5
0,12,22,0.9969,0.5,9.3,5
0.18,18,86,0.9968,0.57,9.3,6
0.03,7,20,0.9959,0.56,9.6,5
0.02,9,20,0.9965,1.08,9.2,4
0.04,17,31,0.9964,0.56,10,6
0.26,36,121,0.9982,0.49,9.4,5
0.26,35,121,0.9981,0.49,9.4,5
0.48,14,96,0.9961,0.62,9.5,5
0.1,18,101,0.9956,0.52,10.2,5
0.03,17,42,0.9956,0.48,9,4
0.07,11,44,0.9953,0.55,10.4,6
0.24,15,63,0.9964,1.59,9.5,5
0.03,4,8,0.9972,0.33,9.1,4
0.17,6,18,0.9972,0.61,9.2,6
0.17,6,18,0.9972,0.61,9.2,6
0.05,24,42,0.9961,0.57,11.5,6
0.21,7,35,0.9961,0.47,9.5,5
0.04,19,49,0.9958,0.78,9.5,5
0.21,7,35,0.9961,0.47,9.5,5
0.42,8,38,0.9972,0.61,10.5,6
0,7,20,0.9969,0.56,9.6,5
0.14,10,42,0.9969,0.59,9.5,5
0.14,10,42,0.9969,0.59,9.5,5
0.49,23,110,0.9972,1.02,9.3,5
0.02,16,42,0.9972,0.52,9.3,5
0.2,11,65,0.9971,0.58,9.3,5
0.21,8,62,0.997,0.58,9.3,6
0.57,26,85,0.9971,0.53,9.7,5
0.48,14,67,0.9972,0.55,9.2,5
0.1,9,26,0.9976,0.49,9.7,5
0.33,15,143,0.9968,0.55,9.5,5
0.32,17,144,0.9968,0.55,9.5,5
0.35,21,127,0.9976,0.62,9.4,5
0.25,21,49,0.9974,0.62,9.8,6
0.12,16,126,0.9969,0.61,9.5,5
0.21,7,28,0.9964,0.55,9.7,5
0.21,7,28,0.9964,0.55,9.7,5
0.33,24,120,0.9968,0.54,9.4,5
0.3,15,55,0.9968,0.59,10.2,5
0.6,12,27,0.9981,0.97,10.1,6
0.08,13,93,0.9924,0.85,13,7
0.06,12,31,0.9948,0.43,11.4,4
0.47,9,24,0.99695,0.82,10.3,7
0.48,39,145,0.9975,1.03,9.3,5
0.11,16,49,0.99545,0.79,9.5,5
0.35,16,39,0.9961,0.55,9.2,5
0.36,14,37,0.99615,0.56,9.2,6
0.74,9,28,0.9994,0.77,10.8,7
0.74,9,28,0.9994,0.77,10.8,7
0.31,26,120,0.99625,0.53,9.3,5
0.28,18,95,0.9966,0.67,9.4,5
0.58,7,19,0.998,0.88,10.5,7
0.6,5,19,0.99585,0.86,12.4,6
0.24,10,62,0.99685,0.56,10,6
0.64,5,15,0.998,0.67,10.2,6
0.26,28,65,0.9959,0.43,10.1,5
0.08,10,41,0.9974,0.71,9.8,6
0.49,26,121,0.9974,0.76,10.5,5
0.16,13,49,0.9962,0.57,11,5
0.22,11,41,0.9967,0.55,9.1,5
0.19,10,44,0.9957,0.54,9.7,5
0.33,24,144,0.99655,0.6,9.5,5
0.37,24,58,0.9964,0.59,9.4,6
0.26,16,72,0.9957,0.57,9.4,5
0.04,5,10,0.99525,0.6,9.5,5
0.25,8,28,0.99815,0.6,10,6
0.36,15,55,0.99745,0.57,10.4,4
0.25,29,63,0.99615,0.58,10.5,6
0.5,27,81,0.9964,1.61,9.5,6
0.14,9,23,0.9984,0.63,9.8,5
0.25,29,63,0.99615,0.58,10.5,6
0.25,10,37,0.99685,0.5,11,5
0.04,19,106,0.9927,0.62,12.2,7
0.06,12,49,0.99625,0.52,9.9,6
0.2,18,58,0.998,0.7,9.6,6
0.25,10,37,0.99685,0.5,11,5
0.09,7,37,0.99685,0.55,9,6
0,14,38,0.99675,0.58,9,6
0,14,38,0.99675,0.58,9,6
0,15,39,0.99675,0.58,9.2,6
0,14,38,0.99675,0.58,9,6
0.09,7,37,0.99685,0.55,9,6
0.37,5,62,0.9971,1.09,9.3,5
0.56,6,24,0.99925,0.71,10.9,6
0.1,28,109,0.99565,0.49,9.8,6
0.44,10,24,1.00005,0.84,9.2,7
0.44,10,24,1.00005,0.84,9.2,7
0,6,23,0.9983,0.96,9.9,6
0.07,16,51,0.99685,0.52,9.5,5
0.17,11,73,0.9963,0.45,9.3,5
0.06,9,39,0.99615,0.48,9.8,6
0,6,23,0.9983,0.96,9.9,6
0.44,16,37,0.9985,0.78,10,6
0,16,34,0.9972,0.7,9.9,6
0.48,5,21,0.9986,0.53,10.5,5
0.42,8,86,0.9959,0.59,9.5,5
0,16,34,0.9972,0.7,9.9,6
0.23,17,119,0.99675,0.57,9.3,5
0.37,5,13,0.998,0.62,9.2,5
0,12,56,0.9968,0.67,9.2,5
0.76,8,45,0.9968,1.26,9.4,5
0.47,14,33,0.99965,0.8,10.5,7
0.23,18,45,0.99625,0.65,9.3,5
0.04,12,67,0.99565,0.6,9.4,4
0.03,10,35,0.99575,0.57,10,5
0.23,23,49,0.9963,0.67,9.3,5
0.49,5,27,0.9999,0.87,10.9,5
0.52,6,10,0.9968,0.72,10.2,7
0,26,61,1.00025,0.72,9.8,4
0.46,15,37,0.9973,0.86,12.8,8
0.04,7,27,0.9987,0.91,9.4,6
0.51,4,23,0.9996,0.97,10.1,6
0.06,27,61,0.9965,0.67,10.7,6
0.51,4,23,0.9996,0.97,10.1,6
0.58,17,65,0.99935,0.78,10.1,5
0.2,10,38,0.99735,0.64,9.4,5
0.18,27,94,0.99915,0.77,9.4,5
0.06,27,61,0.9965,0.67,10.7,6
0.04,7,27,0.9987,0.91,9.4,6
0.51,4,23,0.9996,0.97,10.1,6
0.45,5,13,0.9976,0.82,12.6,8
0.32,10,47,0.9991,0.77,10.5,7
0.44,6,19,0.9986,0.82,9.3,6
0.68,5,10,0.9972,1.08,9.9,7
0.12,12,53,0.9971,0.57,9.1,5
0.32,10,47,0.9991,0.77,10.5,7
0.07,32,71,1.00015,0.71,9.8,5
0.07,32,71,1.00015,0.71,9.8,5
0.55,25,49,0.9997,0.76,10.3,6
0.12,29,53,0.9967,0.7,10.3,6
0.09,20,49,0.9976,0.86,10.6,7
0.53,33,98,1.001,0.95,9.2,5
0.09,20,49,0.9976,0.86,10.6,7
0.48,6,18,0.9979,0.71,10.5,5
0.23,18,48,0.9994,0.64,10.3,6
0.25,5,16,0.9964,0.6,10.1,6
0.52,17,53,1.0014,0.81,9.5,6
0.46,5,27,1.0001,0.64,9.5,5
0.37,26,70,0.9981,0.52,9.9,5
0.06,8,29,0.99855,0.73,9.6,5
0.02,5,31,0.9993,0.8,9.7,5
0.06,8,33,0.99845,0.71,9.6,5
0.06,20,44,0.9965,0.59,10.7,6
0.48,7,15,0.9973,0.64,10.1,6
0.12,12,28,0.9994,0.72,10,5
0.12,5,21,0.996,0.54,9.5,5
0.6,12,90,0.9973,0.52,9.2,5
0.48,6,25,0.9998,0.59,9.3,6
0.32,7,54,0.9966,0.52,9.4,5
0.42,6,14,0.9994,0.62,9.5,6
0.44,5,12,0.9994,0.63,9.5,6
0.38,9,30,0.9968,0.53,9.5,6
0.48,6,25,0.9998,0.59,9.3,6
0.24,15,105,0.996,0.54,9.4,6
0.31,19,98,0.99815,0.63,9.5,6
0.3,30,135,0.9976,0.53,9.4,5
0.29,26,72,0.99645,0.68,11,5
0.29,20,53,0.9962,0.65,11,6
0.23,37,92,0.9996,0.65,10.1,5
0.12,30,74,0.99865,0.64,10.4,6
0.39,21,59,0.9989,0.71,11.5,7
0.12,30,74,0.99865,0.64,10.4,6
0.39,21,59,0.9989,0.71,11.5,7
0.26,25,87,0.99975,0.62,9.7,5
0.05,6,18,0.99735,0.63,9.3,5
0.42,35,73,0.999,0.7,9.5,6
0.2,13,50,1.0015,0.69,9.2,6
0.2,13,50,1.0015,0.69,9.2,6
0.66,6,14,0.9978,0.74,11.5,7
0.5,5,13,0.998,0.83,11.5,5
0.62,6,21,1.0002,0.67,9.7,6
0.39,7,15,0.9981,0.62,9.5,5
0.64,10,41,0.998,0.66,12.5,6
0.64,10,41,0.998,0.66,12.5,6
0.28,21,114,0.9973,0.54,9.4,6
0.08,16,44,0.9958,0.52,11,5
0.01,17,38,0.9963,0.74,11.7,7
0.53,7,21,0.9992,0.84,12.2,7
0.45,6,16,0.9948,0.7,12.5,6
0.32,29,58,0.9974,0.64,10.3,5
0.58,28,99,1.0008,1,11.5,6
0.54,12,29,0.9997,1.36,9.8,7
0.5,10,21,1,1.18,9.2,6
0.48,5,18,0.9972,0.87,11.3,6
0.47,6,14,0.9982,0.75,9.8,6
0.47,6,14,0.9982,0.75,9.8,6
0.5,6,32,1.0006,0.78,10.7,6
0,40,63,0.9979,0.81,9.9,5
0.02,17,34,0.9955,0.89,12.3,7
0.67,6,15,0.9986,0.93,12,6
0.31,15,46,0.9979,0.92,10,6
0,11,28,0.9994,0.86,9.4,6
0.22,17,34,1.0004,0.98,9.9,6
0,11,26,0.9994,0.83,9.4,6
0,8,19,0.9974,0.73,9.3,5
0.79,23,77,1.0018,0.77,13,5
0.4,40.5,165,0.9912,0.59,11.9,6
0.01,17,32,0.9955,0.61,12.8,6
0.52,29,55,1.0001,0.88,11,5
0.66,12,29,0.997,0.75,11.7,7
0.66,10,23,1,0.85,10.4,7
0.66,10,41,1.001,0.68,9.8,6
0.23,14,81,0.9973,0.7,9.4,5
0.31,21,50,0.9982,0.91,9.9,6
0.66,6,37,0.9992,0.56,10,5
0.63,6,15,0.9988,0.87,10.2,5
0.66,7,42,1.0022,0.73,10,7
0.5,7,21,0.9979,0.93,11.8,6
0.66,7,42,1.0022,0.73,10,7
0.61,11,24,1,0.69,9,5
0.52,15,75,0.9998,0.64,9.4,5
0.53,6,18,0.9962,1.13,12,7
0.02,35,63,0.9975,0.78,9.9,5
0.4,11,25,0.9967,0.87,8.7,6
0.48,26,46,0.9967,1.04,10.6,6
0.22,12,72,0.9959,0.63,9.2,5
0.63,6,47,1.0014,0.81,10.8,6
0.71,6,15,0.9984,0.83,11.8,7
0.5,19,47,1.0003,1.11,11,6
0.53,6,18,0.9962,1.13,12,7
0.66,6,24,0.9988,0.99,13.3,6
0.38,24,60,0.9979,0.7,10.8,6
0.42,11,27,0.9974,0.8,9.4,6
0.68,17,43,1.0014,0.8,10,6
0.42,11,27,0.9974,0.8,9.4,6
0.42,11,27,0.9974,0.8,9.4,6
0.28,23,54,0.998,0.74,9.2,5
0.07,11,37,0.9979,0.76,9.7,6
0.26,23,48,0.9981,0.74,9.2,6
0.15,17,42,0.9972,0.54,9.6,6
0.26,23,53,0.9981,0.74,9.2,6
0.31,16,49,0.9982,0.7,10,7
0.05,12,88,0.9924,0.82,12.9,8
0.68,17,43,1.0014,0.8,10,6
0.52,6,26,0.998,0.51,9.5,5
0.61,13,95,0.997,0.54,9.1,5
0.65,6,25,0.9997,0.57,9.9,5
0.76,7,38,1.0004,0.6,13,7
0.02,68,124,0.9994,0.53,9.9,5
0.59,13,49,0.9988,0.65,11,6
0.59,13,49,0.9988,0.65,11,6
0.22,9,42,0.9963,0.55,9.4,5
0.02,68,124,0.9994,0.53,9.9,5
0.3,20,38,0.9949,0.47,10.8,6
0.54,19,64,1,0.61,10.5,6
0.49,10,41,0.9994,0.63,10.5,6
0.05,15,27,0.9974,0.61,9.1,5
0.46,11,25,0.9966,0.76,10.1,6
0.47,9,28,0.9981,0.65,10.8,6
0.66,12,30,0.9996,0.63,10.8,7
0.58,6,16,0.997,0.7,11.3,6
0.49,26,49,0.9981,0.57,9.6,4
0.34,26,86,0.9987,0.62,9.5,6
0.35,23,78,0.9987,0.62,9.5,5
0.16,15,77,0.9966,0.64,9.3,5
0.53,6,19,0.9986,0.82,11.7,7
0.34,24,122,0.9982,0.61,9.5,5
0.24,31,134,1.0014,1.07,9.3,5
0.64,6,20,0.997,0.66,11.7,6
0.12,34,124,0.9956,0.48,10.5,5
0.51,7,20,0.9996,0.76,10.4,6
0,34,52,0.9976,0.68,9.9,5
0.33,35,67,0.9972,0.73,11.8,7
0.03,32,48,0.9952,0.56,12.3,7
0.2,15,60,0.9955,0.44,10.9,5
0.47,6,24,0.9978,0.9,11,7
0.2,15,60,0.9955,0.44,10.9,5
0.03,32,48,0.9952,0.56,12.3,7
0.08,19,48,0.9949,0.49,11.4,6
0.22,6,32,0.9988,0.56,10.6,6
0.33,9,30,0.9978,0.6,9.3,5
0.63,13,35,0.9997,0.6,10.4,6
0.47,6,24,0.9978,0.9,11,7
0.35,21,66,0.9974,0.56,9.2,5
0.69,12,24,0.9958,0.65,12.8,6
0.63,6,18,1.0004,0.49,9.5,5
0.55,22,54,0.9996,0.89,9.9,6
0.63,6,18,1.0004,0.49,9.5,5
0.3,38,62,0.9958,0.56,10.2,6
0.73,6,22,0.9986,0.66,11.2,6
0.55,22,54,0.9996,0.89,9.9,6
0.18,7,50,0.9951,0.6,9.3,5
0.72,6,29,0.9987,0.82,9.8,8
0.65,7,27,0.9988,0.68,11.3,6
0.76,6,43,1.0032,0.68,11.2,7
0.49,11,19,0.9963,0.63,11.6,7
0.01,5,27,0.9934,0.84,12.5,7
0.1,6,31,0.9986,0.56,10.1,6
0.6,31,72,0.9996,0.73,10.5,5
0.29,6,16,0.9968,0.72,11.2,5
0.22,7,27,0.9967,0.56,10.2,6
0.69,17,35,0.9994,0.61,10.8,6
0.69,17,35,0.9994,0.61,10.8,6
0.53,9,26,0.9979,1.06,9.1,6
0.03,18,35,0.9968,0.63,10,6
0.63,5,22,0.9998,0.74,11.2,7
0.4,21,67,0.9952,0.63,11.1,5
0.67,6,19,0.9988,0.69,13.4,8
0.39,5,22,0.9986,0.58,10.3,5
0.21,29,65,0.9988,0.58,9.6,5
0.63,5,22,0.9998,0.74,11.2,7
0.66,10,47,1.0008,0.57,9,3
0.52,14,23,0.9976,0.61,11.3,6
0.22,6,19,0.9982,0.61,9.3,5
0.68,10,25,0.997,0.61,11.8,5
0.7,25,129,0.9972,0.53,9,5
0.54,5,15,0.9987,0.7,9.2,6
0.4,10,26,1.0006,0.91,9.7,5
0.42,21,51,0.9982,0.72,11.5,6
0.45,7,18,0.9947,0.79,14,6
0.69,6,21,1,0.62,9.2,6
0.02,36,48,0.9952,0.58,9.8,5
0.65,15,47,0.9996,0.61,10.6,5
0.42,25,52,0.997,0.71,11.4,6
0.55,25,68,0.9995,0.82,10.4,6
0.55,5,14,0.9971,0.79,10.6,5
0.51,10,24,0.9982,0.89,9.4,6
0.24,5,28,0.9988,0.6,10.2,5
0.41,6,16,0.998,0.7,9.7,5
0.49,6,20,0.9977,1.06,11,6
0.24,5,28,0.9988,0.6,10.2,5
0.11,6,31,0.9984,0.7,10.1,6
0.39,6,23,1.0026,0.66,9.2,5
0.56,6,17,0.9964,0.92,11.7,8
0.59,6,18,0.9986,1.05,9.4,5
0.6,7,18,0.9986,1.06,9.4,5
0.68,6,24,0.997,0.66,13.4,6
0.39,6,17,0.9976,0.47,10,5
0.39,6,17,0.9976,0.47,10,5
0.36,5,14,0.9982,0.42,10,6
0.55,35,67,1.0002,0.92,10.8,7
0.4,10,26,0.9984,0.75,10.2,6
0.27,24,56,0.9984,0.67,10.6,6
0.5,12,25,0.9952,0.79,13.3,7
0.51,13,27,0.995,0.9,13.4,7
0.31,23,81,1.0002,0.74,11.6,6
0.23,28,91,0.9952,0.55,12.1,6
0.53,5,16,0.9972,0.65,11,8
0.25,14,38,0.9984,0.65,9,6
0.32,43,113,0.9966,0.79,11.1,5
0.53,5,16,0.9972,0.65,11,8
0.31,23,81,1.0002,0.74,11.6,6
0.25,14,38,0.9984,0.65,9,6
0.73,38,76,0.999,0.85,12,7
0.73,38,76,0.999,0.85,12,7
0.47,6,24,0.9976,1.04,10.9,7
0.42,6,22,0.9976,1.05,10.8,7
0.63,10,26,0.9968,0.78,12.5,7
0.46,6,21,0.9976,1.02,10.8,7
0.55,6,13,1,0.71,9.5,6
0.31,26,62,0.9994,0.63,10.2,6
0.75,23,43,0.9986,0.68,11.4,7
0.49,19,43,0.9978,0.61,9.5,5
0.31,26,62,0.9994,0.63,10.2,6
0.48,15,49,0.998,0.81,9.7,6
0.64,6,15,0.9973,0.66,11.8,7
0.64,6,15,0.9973,0.66,11.8,7
0.49,34,151,1.001,1.14,9.3,5
0.49,5,14,1.001,0.74,11.9,6
0.49,5,16,0.9994,0.63,8.4,3
0.49,11,32,0.9972,0.68,11.7,6
0.49,39,106,0.9966,0.78,11,5
0.49,15,33,0.9982,0.9,10,6
0.49,16,43,0.998,0.64,9.1,5
0.49,47,133,0.9979,0.99,9.8,5
0.49,38,142,0.9978,0.55,9.4,5
0.49,23,116,0.9976,0.64,9.5,5
0.24,29,53,0.9998,0.67,9.9,5
0.49,39,106,0.9966,0.78,11,5
0.49,33,85,0.9962,0.77,11.4,6
0.49,32,55,0.9988,0.75,8.7,6
0.24,6,33,0.9974,0.57,9.4,5
0.24,1,28,0.999,0.87,10.3,6
0.49,12,42,1.0004,0.61,10.3,5
0.49,12,42,1.0004,0.61,10.3,5
0.24,15,33,0.9956,0.66,12.8,6
0.24,13,32,1,0.56,10,6
0.24,1,28,0.999,0.87,10.3,6
0.24,6,33,0.9974,0.57,9.4,5
0.24,5,13,0.9972,0.77,10.7,6
0.49,5,35,1.0014,0.66,12,7
0.74,5,17,0.9996,0.62,11.2,5
0.24,20,47,0.9988,0.67,9.6,5
0.49,5,17,0.9988,0.73,11,6
0.24,5,20,0.9966,0.59,9.9,5
0.24,16,53,0.9993,0.72,11,6
0.74,6,15,1.0008,0.79,8.4,6
0.49,38,106,0.9982,0.59,9.1,5
0.24,10,28,0.9983,0.78,9.5,6
0.49,6,21,0.9987,0.86,10.7,6
0.49,27,69,0.9994,0.75,10.4,6
0.49,6,25,0.9975,0.61,9.4,6
0.01,9,25,0.9958,0.56,9.5,6
0.24,14,45,0.998,0.73,10,6
0.24,14,44,0.998,0.74,10,6
0.24,32,96,0.9934,0.62,11.5,5
0.49,10,23,1.00315,0.74,11.1,5
0.49,10,23,1.00315,0.74,11.1,5
0.49,10,17,1.0002,0.56,11.7,6
0.49,10,23,1.00315,0.74,11.1,5
0.49,10,17,1.0002,0.56,11.7,6
0.49,6,47,1.0021,0.68,12.7,6
0.49,5,19,0.9994,0.57,11.4,5
0.49,26,121,0.9978,0.58,9.2,5
0.49,41,110,0.9982,0.61,9.2,5
0.49,25,60,0.9971,0.61,10.1,6
0.49,6,47,1.0021,0.68,12.7,6
0.49,5,19,0.9994,0.57,11.4,5
0.24,5,15,0.9991,0.6,9,6
0.24,5,15,0.9991,0.6,9,6
0.49,5,20,0.999,0.79,10.7,6
0.24,19,42,0.9946,0.57,11.7,6
0.49,10,37,1.0003,0.91,11,6
0.24,19,42,0.9946,0.57,11.7,6
0.49,10,28,0.9978,0.61,10.4,5
0.49,14,47,0.9991,0.56,9.6,4
0.49,20,78,0.9992,0.7,10,6
0.49,28,46,0.9993,0.8,10.2,6
0.24,6,14,0.9978,0.52,10,4
0.49,18,111,0.9982,0.6,9.5,5
0.49,17,110,0.9982,0.6,9.8,5
0.49,18,40,0.9976,0.51,9.8,6
0.49,5,14,1.0002,0.44,9.6,5
0.49,5,14,1.0002,0.44,9.6,5
0.49,5,15,1,0.43,9.2,5
0.49,10,21,0.9976,0.66,9.9,7
0.49,54,80,1.0002,0.76,10.7,7
0.24,8,38,0.998,0.66,9.6,6
0.49,16,47,0.9986,1.02,10.6,7
0.24,18,102,0.9967,0.59,9.3,5
0.24,19,50,0.9917,0.74,14,8
0.49,5,13,0.9976,0.74,10.5,7
0.49,21,75,0.9987,0.57,9.7,5
0.49,23,149,0.9922,0.5,11.5,6
0.49,21,75,0.9987,0.57,9.7,5
0.58,9,43,1.0004,0.58,9,5
0.17,20,38,0.9978,0.53,9.5,5
0.41,30,109,0.9998,0.57,9.3,5
0.51,6,24,0.9994,0.6,9.3,6
0.58,5,18,0.998,0.63,10,6
0.18,5,30,0.9967,0.48,9.8,6
0.45,11,22,1,0.7,9.3,6
0.27,7,23,0.9962,0.47,10,4
0.52,12,35,1.0006,0.56,9,6
0,6,14,0.9975,0.52,9.3,5
0.52,12,35,1.0006,0.56,9,6
0.13,14,63,0.9984,0.62,9.1,6
0.13,6,24,0.9984,0.59,9.2,6
0.48,10,20,0.9973,0.79,12.2,7
0.41,26,52,0.9982,0.53,10.5,6
0.37,11,65,1.0026,0.64,10.4,6
0.19,15,39,0.9956,0.52,12.7,6
0.54,25,57,0.9983,0.54,9.2,5
0.55,5,16,1.0006,0.54,9.4,5
0,18,29,0.9965,0.6,10,6
0.38,10,29,0.9962,0.74,9.8,5
0.18,10,103,0.9969,1.36,10.2,6
0.5,28,71,0.9997,0.57,9.7,5
0.5,28,71,0.9997,0.57,9.7,5
0.51,14,28,0.9982,0.93,9.8,6
0.5,4,17,1.0006,0.7,10.2,5
0.41,6,16,0.9988,0.8,9.3,5
0.24,16,112,0.9976,0.61,9.4,5
0.23,14,104,0.9976,0.62,9.4,5
0.22,9,32,0.9974,0.55,9.5,5
0.25,21,45,0.9974,0.96,12.1,6
0,21,58,0.9997,0.72,10.2,5
0,21,58,0.9997,0.72,10.2,5
0.29,5,15,0.9988,0.49,9.1,5
0.29,5,15,0.9988,0.49,9.1,5
0.26,7,31,0.9976,0.6,9.3,6
0.23,20,84,0.9964,0.61,9.3,5
0.26,7,31,0.9976,0.6,9.3,6
0.54,5,19,0.9988,0.63,9.5,5
0.14,21,43,0.9964,0.57,10.5,6
0.22,11,86,1.001,0.64,11.3,4
0.21,46,102,0.9964,0.58,9.5,5
0,24,33,0.9954,0.55,9.7,5
0.28,30,147,0.9979,0.53,9.4,5
0.27,31,145,0.9978,0.53,9.4,5
0.12,7,23,0.9964,0.65,10.2,7
0.35,25,57,0.997,1.36,10.3,6
0.45,16,40,0.9991,0.62,9.4,5
0.44,21,68,0.9992,0.63,9.5,5
0.45,16,40,0.9991,0.62,9.4,5
0.44,21,68,0.9992,0.63,9.5,5
0.45,16,40,0.9991,0.62,9.4,5
0.1,5,11,0.9984,0.69,10.1,7
0.05,6,20,0.9972,0.63,10.1,5
0.01,5,14,0.9967,0.58,11,4
0.3,10,28,0.9964,0.67,11.2,7
0.27,24,148,0.9948,0.57,11.3,6
0.39,8,32,0.9986,0.5,9.6,5
0.25,35,155,1.001,0.67,11.2,5
0.65,22,71,0.9976,0.84,14.9,5
0.59,9,30,0.9976,0.54,12,6
0.47,7,29,0.9979,0.46,9.5,5
0.17,20,53,1.0004,0.61,9.4,5
0.39,8,32,0.9986,0.5,9.6,5
0.59,23,42,0.998,0.68,10.5,7
0.07,5,20,0.9973,0.81,9.6,6
0.02,5,13,0.997,0.57,11,4
0.07,5,20,0.9973,0.81,9.6,6
0.31,15,42,0.9978,0.64,9,5
0.06,9,27,0.9972,0.7,9.6,6
0.46,5,13,0.9974,0.79,10.2,6
0.52,15,54,1,0.66,10.2,5
0.14,25,48,0.9981,0.56,9.7,5
0.36,6,16,0.998,0.6,9.5,6
0.45,6,15,0.9988,0.66,9.2,6
0.43,15,31,0.9966,0.57,11,5
0.45,6,15,0.9988,0.66,9.2,6
0.24,30,45,0.9959,0.58,10,5
0.21,5,13,0.9968,0.52,9.5,5
0.34,32,151,0.998,0.53,9.5,5
0.21,5,13,0.9968,0.52,9.5,5
0.41,7,17,0.9984,0.67,9.3,6
0.39,12,31,0.9984,0.65,10.2,5
0.41,7,17,0.9984,0.67,9.3,6
0.11,12,31,0.9979,0.48,9.9,5
0.1,45,87,0.9983,0.53,10,5
0.45,20,49,0.9972,0.54,9.6,5
0.58,15,40,1.0004,0.49,9,5
0.23,16,29,0.9962,0.49,10.2,6
0.31,32,58,0.998,0.54,9.8,5
0.23,5,15,0.997,0.56,11.3,5
0.32,35,152,0.998,0.48,9.4,5
0.23,5,15,0.997,0.56,11.3,5
0.18,13,40,0.997,0.6,9.1,5
0.23,13,38,0.9998,0.59,9.7,5
0.04,4,9,0.9962,0.47,9.4,5
0.48,5,17,0.9976,1.05,9.4,5
0,5,14,0.9966,0.54,10.7,3
0.24,12,93,0.9998,0.54,9.8,5
0.51,16,62,0.9979,1.17,9,5
0.32,21,122,0.9984,0.62,9.4,5
0.31,24,125,0.9984,0.61,9.4,5
0.02,18,44,0.9921,0.62,12.8,6
0.02,8,25,0.9972,0.67,9.5,6
0.02,8,25,0.9972,0.67,9.5,6
0.28,18,72,1.0001,0.53,9.7,5
0.55,5,19,0.9986,0.62,10.8,6
0.43,26,88,0.9984,0.57,10.1,6
0.02,8,25,0.9972,0.67,9.5,6
0.02,9,23,0.997,0.67,9.4,6
0.48,22,84,0.9972,0.7,9.6,4
0.04,4,14,0.998,0.54,9.7,4
0.15,11,54,0.999,0.49,9.9,5
0.08,10,19,0.9956,0.47,10,5
0.19,16,37,0.9966,0.51,10.5,5
0.12,11,35,0.996,0.61,11.6,6
0.47,13,33,0.9983,0.66,10,6
0.43,21,84,0.9985,0.57,10.1,5
0.34,16,112,0.9998,0.61,9.5,5
0,13,33,0.9992,0.45,9.4,5
0.36,10,48,0.9976,0.46,9.4,5
0.28,21,77,0.998,0.51,9.8,5
0.18,13,34,0.9967,0.48,9.2,6
0.36,10,48,0.9976,0.46,9.4,5
0.11,12,49,0.9968,0.57,10,5
0.04,10,22,0.9976,0.44,9.6,5
0,17,45,0.9976,0.54,9.5,5
0.04,10,22,0.9976,0.44,9.6,5
0.24,35,106,0.9982,0.53,9.2,5
0.08,15,48,0.9968,0.59,10,5
0.3,36,127,0.9965,1.62,9.5,5
0.1,5,12,0.9958,0.6,11.2,4
0.17,5,13,0.9976,0.55,10.4,5
0.09,18,49,0.9994,0.72,11.1,6
0.02,4,11,0.997,0.68,9.5,5
0.02,4,11,0.997,0.68,9.5,5
0.03,27,58,0.995,0.49,12.7,6
0.66,12,37,0.9982,0.67,9.6,5
0.13,4,14,0.9994,0.52,11.5,5
0.03,10,19,0.9966,0.47,9.6,5
0.34,16,72,0.998,0.6,9.5,5
0.2,9,39,0.9987,0.62,9.3,5
0.1,11,22,0.9963,0.5,9.5,5
0.1,11,22,0.9963,0.5,9.5,5
0,19,58,1.0002,0.65,9.3,6
0.23,28,104,0.9983,0.56,9.2,5
0,19,38,0.999,0.6,9.3,5
0.29,12,16,0.9965,0.68,11.5,6
0.24,28,139,0.99788,0.57,9.5,5
0,9,18,0.9972,0.65,9.2,5
0.58,25,101,1.00024,0.53,10,5
0.54,21,101,1.0001,0.51,9.5,5
0.18,12,28,0.99768,0.73,9.5,6
0.38,12,57,0.9978,0.47,9,6
0.4,16,68,0.99782,0.48,9.4,5
0.18,12,31,0.99761,0.72,9.6,6
0.18,12,28,0.99768,0.73,9.5,6
0.1,17,40,0.99803,0.55,9.5,5
0.1,17,40,0.99803,0.55,9.5,5
0.13,24,66,0.99785,0.61,9.4,5
0.1,17,40,0.99803,0.55,9.5,5
0.68,14,32,0.99656,1.06,9.1,6
0.07,22,47,0.99525,0.43,10.7,6
0.01,15,33,0.99488,0.46,11.2,6
0,10,31,0.99656,0.5,9.8,5
0,10,31,0.99656,0.5,9.8,5
0.21,33,88,0.99823,0.52,9.2,5
0.25,9,104,0.99779,0.57,9.7,5
0.26,5,35,0.99738,0.42,9.6,5
0,8,19,0.99701,0.53,10,6
0.26,5,35,0.99738,0.42,9.6,5
0.11,11,44,0.99888,0.55,9.5,6
0.1,12,48,0.99888,0.54,9.5,6
0.18,12,74,0.99738,0.54,9.4,5
0.32,13,98,0.99938,0.62,9.5,5
0.02,24,94,0.99744,0.53,9.7,6
0.01,7,32,0.99668,0.54,9.6,5
0.02,24,94,0.99744,0.53,9.7,6
0.26,23,143,0.9978,0.55,9.4,5
0.27,23,144,0.99782,0.55,9.4,5
0.29,1,44,0.9973,0.92,9.5,6
0.3,2,45,0.99727,0.91,9.5,6
0,7,16,0.99586,0.46,10,5
0.18,5.5,48,0.99612,0.6,10.3,6
0.17,6,18,0.9961,0.59,10.3,6
0.3,7,34,0.99788,0.61,10.5,5
0.03,21,92,0.99745,0.6,9.8,5
0,12,45,0.99676,0.6,9.4,6
0.14,9,37,0.99732,0.65,9.8,5
0.05,26,96,0.99814,0.53,10,5
0.14,9,37,0.99732,0.65,9.8,5
0.01,20,85,0.99746,0.59,9.8,5
0.41,11,61,0.9982,0.5,9.5,5
0.41,11,61,0.9982,0.5,9.5,5
0.24,19,58,0.9991,0.56,10.1,6
0.24,19,58,0.9991,0.56,10.1,6
0.17,21,119,0.998,0.52,9.3,5
0.43,18,82,0.99708,0.68,9.7,6
0.17,25,130,0.99818,0.54,9.6,5
0.02,17,87,0.99745,0.6,9.7,6
0,7,13,0.99639,0.56,10.8,5
0.54,7,26,0.99531,0.53,12.5,6
0.3,7,60,0.99786,1.18,10.2,5
0.31,24,64,0.99746,0.74,9.6,5
0.44,21,42,0.99526,0.81,10.8,7
0.34,5,14,0.9987,0.52,10.7,6
0.34,5,14,0.9987,0.52,10.7,6
0.08,26,108,0.99641,0.51,9.4,5
0.09,8,17,0.99735,0.44,10,5
0,14,86,0.99264,0.94,12.9,7
0.08,14,46,0.9971,0.66,9.6,6
0.22,4,18,0.99682,0.57,9.9,6
0.4,4,10,0.99356,0.7,12.8,7
0.39,4,10,0.99386,0.71,12.5,7
0.4,4,10,0.99356,0.7,12.8,7
0.12,4,12,0.99702,0.86,9.2,5
0.31,4,15,0.99693,0.55,10.3,6
0.1,4,14,0.99562,0.47,10.5,5
0.55,7,24,1.00012,0.68,10.9,6
0.33,20,38,0.99818,0.71,10.8,5
0.24,4,7,0.99462,0.58,11.4,4
0.54,19,41,0.99939,0.76,11.3,6
0.33,20,38,0.99818,0.71,10.8,5
0.19,8,30,0.9984,0.58,10.5,6
0.42,19,27,0.99545,0.73,11.9,6
0,21,47,0.99632,0.45,9.4,5
0.15,9,59,0.99976,0.54,9.6,5
0,9,22,0.99606,0.6,9.7,5
0,16,42,0.99154,0.74,14,7
0.13,15,36,0.9973,0.64,9.8,5
0.13,15,36,0.9973,0.64,9.8,5
0.28,6,16,0.99682,0.53,10.3,5
0.14,15,37,0.99624,0.49,10.7,5
0.34,4,8,0.9951,0.64,11,7
0.14,15,37,0.99624,0.49,10.7,5
0.09,34,45,0.99417,0.74,12.7,8
0.08,16,24,0.99376,0.77,11.1,6
0.07,5,9,0.99632,0.55,10.9,4
0.08,16,24,0.99376,0.77,11.1,6
0.42,34,48,0.99832,0.86,9.9,3
0.44,36,51,0.99836,0.86,9.9,4
0.26,16,23,0.99694,0.47,9.4,5
0.1,27,55,0.99655,0.51,9.3,5
0.28,36,100,0.99064,0.39,11.7,7
0.28,36,100,0.99064,0.39,11.7,7
0.35,9,28,0.99672,0.83,11.2,7
0.04,13,26,0.99647,0.47,10,5
0.47,9,34,0.99736,0.77,12.1,7
0,21,31,0.99629,0.63,10.3,5
0.45,34,68,0.99708,0.72,10.9,6
0.35,9,92,0.9963,0.62,9.4,5
0.46,26,42,0.9959,0.83,10.6,6
0.21,14,31,0.99689,0.66,9.8,5
0.21,14,31,0.99689,0.66,9.8,5
0.16,12,39,0.9977,0.7,9.9,6
0.21,14,31,0.99689,0.66,9.8,5
0.21,12,32,0.99689,0.66,9.8,5
0.44,9,22,0.99708,0.55,9.5,5
0.44,9,22,0.99708,0.55,9.5,5
0.32,26,122,0.99801,1.07,9.7,5
0.39,41,55,0.99652,0.73,10.9,6
0.39,41,55,0.99652,0.73,10.9,6
0.02,10,14,0.99538,0.71,11.7,7
0.39,41,55,0.99652,0.73,10.9,6
0.34,16,47,0.99594,0.78,11.3,7
0.47,17,32,0.99686,0.67,10.6,7
0.22,15,24,0.99438,0.82,11.2,6
0.06,15,85,0.99746,0.54,9.5,5
0.66,15,88,0.99357,0.6,11.5,6
0.32,7,25,0.99628,0.44,10.4,5
0.06,17,84,0.99746,0.53,9.7,5
0.06,15,85,0.99746,0.54,9.5,5
0.07,16,86,0.99748,0.54,9.7,5
0.22,13,24,0.99438,0.83,11.3,6
0.23,13,22,0.99438,0.84,11.2,6
0.22,15,24,0.99438,0.82,11.2,6
0.03,27,43,0.99578,0.64,10.9,6
0.01,31,43,0.99371,0.57,11.8,6
0.03,36,46,0.99522,0.57,10.6,5
0.24,28,48,0.99576,0.54,10,4
0.37,6,10,0.99552,0.58,11.1,7
0.46,6,10,0.99664,0.65,11.8,7
0.4,7,16,0.99614,0.79,11.8,7
0,7,14,0.99517,0.58,10.9,4
0.01,31,43,0.99371,0.57,11.8,6
0.19,30,69,0.99787,0.5,10,6
0.04,18,88,0.99745,0.55,9.5,5
0.18,10,21,0.99576,0.49,9.9,5
0,30,35,0.99533,0.65,11.4,6
0.29,14,26,0.99536,0.78,12,6
0.04,18,88,0.99745,0.55,9.5,5
0.19,30,69,0.99787,0.5,10,6
0.14,9,30,0.99824,0.64,10.5,5
0.12,8,28,0.99836,0.65,10.4,6
0.38,29,56,0.99577,0.79,12.1,7
0,32,64,0.99491,0.56,11.2,6
0.34,23,99,1.00289,0.68,9.3,5
0.24,30,52,0.99576,0.58,10.1,5
0.03,16,86,0.99743,0.57,9.7,5
0.23,10,18,0.99774,0.65,9.3,6
0.03,16,86,0.99743,0.57,9.7,5
0.03,17,88,0.99745,0.58,9.8,6
0.01,27,43,0.9955,0.58,10.7,6
0.39,17,43,0.99444,0.77,12.5,7
0.01,27,43,0.9955,0.58,10.7,6
0.39,17,43,0.99444,0.77,12.5,7
0.02,6,11,0.99892,0.49,11,3
0.36,10,39,0.99562,0.69,11.8,5
0.1,16,33,0.99736,0.69,10.8,7
0.1,16,33,0.99736,0.69,10.8,7
0.06,11,18,0.9962,0.59,10.8,7
0.06,11,18,0.9962,0.59,10.8,7
0.2,15,115,0.998,0.59,9.5,5
0.27,12,78,0.9964,0.71,11,5
0,6,9,0.9948,0.54,11.5,6
0.13,34,61,0.99528,0.59,10.8,6
0.39,7,11,0.99331,0.52,11.5,6
0.48,3,11,0.99577,0.57,13.2,6
0.46,3,9,0.99901,0.6,10.9,6
0.44,4,8,0.99674,0.62,12.2,6
0.46,3,10,0.99639,0.64,12.2,7
0.39,7,11,0.99331,0.52,11.5,6
0.4,3,6,0.99512,0.67,11.9,6
0.19,7,62,0.99395,0.61,11,5
0.31,26,45,0.99824,0.64,10.1,6
0.32,32,79,0.9964,0.72,11,6
0.12,38,46,0.99504,0.89,11.8,6
0.37,10,23,0.99786,0.56,10.5,5
0.32,32,79,0.9964,0.72,11,6
0.12,38,46,0.99504,0.89,11.8,6
0.31,26,45,0.99824,0.64,10.1,6
0.27,14,28,0.99516,0.8,11.2,5
0.36,53,77,0.99604,0.87,11,7
0.33,52,73,0.99786,0.9,10.2,6
0.19,11,75,0.99736,0.59,9.2,4
0.27,14,28,0.99516,0.8,11.2,5
0.38,10,19,0.99468,0.73,12,7
0.01,8,25,0.99746,0.73,10.5,5
0.01,13,38,0.99748,0.65,9.8,5
0.29,29,66,0.9971,0.59,9.5,6
0.01,13,38,0.99748,0.65,9.8,5
0.01,8,25,0.99746,0.73,10.5,5
0.38,19,72,0.99543,0.72,11.8,6
0.38,19,72,0.99543,0.72,11.8,6
0.5,6,26,0.99791,0.6,10.4,4
0.38,23,42,0.99356,0.72,12.9,7
0.17,7,11,0.99425,0.54,11.4,5
0.52,13,25,0.99509,0.76,12.4,7
0.49,9,17,0.99484,0.52,12.5,7
0.4,13,52,0.99834,0.64,10,7
0.34,10,45,0.99864,0.6,9.7,7
0.49,11,24,0.99498,0.64,12.1,7
0.42,7,20,0.99566,0.79,11.1,7
0.58,11,24,0.99745,0.99,12,7
0.48,6,12,0.99408,0.62,12.4,7
0.45,10,21,0.99552,0.76,11.9,7
0.45,10,21,0.99552,0.76,11.9,7
0.45,10,21,0.99552,0.76,11.9,7
0.48,6,12,0.99408,0.62,12.4,7
0.4,6,10,0.99536,0.68,11.2,7
0.48,5,9,0.99458,0.69,12.1,7
0.4,6,11,0.99538,0.54,12.2,6
0.52,9,23,0.99648,0.67,10.4,5
0.52,5,10,0.99568,0.62,11.3,6
0.52,12,51,0.99613,0.58,11.1,6
0.12,25,36,0.99519,0.71,11.3,7
0.05,12,32,0.99735,0.61,10,5
0.27,18,38,0.99518,0.85,11.1,6
0.14,7,18,0.99592,0.62,9.3,5
0.02,6,16,0.99654,0.69,9.5,5
0.39,20,27,0.99546,0.69,11.2,6
0.27,18,38,0.99518,0.85,11.1,6
0.4,24,48,0.99554,0.86,11,6
0.41,6,10,0.99604,0.58,11.9,7
0.2,23,113,0.99733,0.48,9.2,5
0.43,29,46,0.9943,0.6,12.2,6
0.09,7,22,0.99669,0.61,10.2,5
0.48,6,10,0.99724,0.87,10.9,6
0.48,6,10,0.99724,0.87,10.9,6
0.5,6,13,0.99643,0.65,11.6,7
0.44,6,12,0.99605,0.63,10.7,5
0.41,7,13,0.99658,0.62,12.1,7
0.3,35,72,0.997,0.52,9.4,5
0.3,35,72,0.997,0.52,9.4,5
0.29,31,119,0.99801,0.5,9.1,5
0.32,9,29,0.99416,0.49,11.3,7
0.49,3,6,0.9969,0.63,10.4,5
0.3,8,17,0.99774,0.71,10.5,6
0.26,13,28,0.99712,0.62,10,5
0.32,51,70,0.99418,0.82,12.9,6
0.3,8,17,0.99774,0.71,10.5,6
0.49,3,6,0.9969,0.63,10.4,5
0,7,11,0.99562,0.58,11.3,6
0.39,3,7,0.9947,0.55,11.4,7
0.3,35,70,0.99693,0.5,9.4,5
0.12,19,27,0.99596,0.49,9.4,5
0.4,14,21,0.99556,0.51,10.9,6
0.12,19,27,0.99596,0.49,9.4,5
0.28,31,68,0.99694,0.48,9.4,5
0.1,30,47,0.99554,0.48,9.4,6
0.28,31,68,0.99694,0.48,9.4,5
0.45,20,88,0.99918,0.43,9.4,5
0.06,19,41,0.99697,0.62,10.1,6
0,3,11,0.99378,0.63,12.8,7
0,3,11,0.99378,0.63,12.8,7
0.34,4,10,0.99554,0.48,9.1,6
0,7,12,0.99162,0.53,12.9,6
0.3,6,12,0.99495,0.72,11.5,7
0.38,31,47,0.99676,0.82,10.6,7
0.33,13,27,0.99516,0.84,11.7,7
0.32,4,8,0.9928,0.55,12.8,7
0.29,27,45,0.99603,0.54,10.3,5
0.32,4,8,0.9928,0.55,12.8,7
0.33,13,27,0.99516,0.84,11.7,7
0.34,12,25,0.99516,0.84,11.7,7
0.4,12,24,0.99549,0.7,12,7
0.36,26,55,0.99722,0.68,10.9,5
0.45,7,12,0.99354,0.55,12.3,7
0.31,12,19,0.9957,0.55,10.4,6
0.15,11,32,0.99604,0.48,10,5
0,22,31,0.99635,0.58,10,6
0.16,3,7,0.99454,0.58,11.2,6
0.46,14,27,0.99598,0.84,11.4,6
0.4,12,28,0.99486,0.75,12.6,7
0.37,36,109,0.99007,0.44,12.7,6
0.37,36,109,0.99007,0.44,12.7,6
0.14,10,23,0.99636,0.61,10.4,5
0.66,3,8,0.99642,0.53,11.9,6
0.66,3,8,0.99642,0.53,11.9,6
0.09,4,9,0.99584,0.54,10.5,5
0.42,3,9,0.99506,0.55,12.3,6
0.01,12,18,0.99568,0.56,10.5,7
0,17,43,0.99822,0.6,10.4,6
0.32,14,36,0.99364,0.56,12.6,6
0,28,52,0.99378,0.52,11.6,5
0.21,41,68,0.99586,0.54,10.1,6
0.01,12,18,0.99568,0.56,10.5,7
0,9,14,0.99488,0.55,11.5,7
0.01,9,15,0.99514,0.58,11,7
0,5,14,0.99854,0.53,9.6,5
0.08,14,27,0.99592,0.59,10.4,6
0.18,15,48,0.99739,0.47,9.7,6
0.34,5,17,0.99683,0.65,10.6,7
0.34,26,35,0.99356,0.59,12.5,7
0.1,20,56,0.99672,0.56,9.2,5
0.41,25,42,0.9953,0.77,12.6,7
0.21,21,39,0.99692,0.83,11.1,6
0,16,32,0.99756,0.67,10.2,5
0.19,13,26,0.99547,0.64,9.8,6
0.21,21,39,0.99692,0.83,11.1,6
0.41,18,39,0.99859,0.81,10.9,7
0.33,12,53,0.99294,0.62,12.2,6
0,32,38,0.99438,0.58,11.4,6
0,33,45,0.99612,0.62,10.7,6
0.17,27,51,0.99634,0.64,10.4,5
0.36,3,14,0.99702,0.78,10.9,6
0.36,6,17,0.99704,0.77,10.8,6
0.17,27,51,0.99634,0.64,10.4,5
0.59,16,45,0.99702,1.34,9.2,5
0.05,19,25,0.99258,0.55,12.9,5
0.42,9,20,0.99426,0.77,12.7,7
0.27,5,77,0.99747,0.62,9.1,6
0.27,5,77,0.99747,0.62,9.1,6
0.53,3,10,0.99586,0.59,12.1,7
0.25,28,90,0.99784,0.57,9.1,5
0.57,30,52,0.9971,0.76,11.6,7
0.53,3,10,0.99586,0.59,12.1,7
0.57,3,8,0.9981,0.7,9.9,6
0.5,7,16,0.99462,0.69,12.5,8
0.44,6,15,0.9956,0.64,11.4,6
0.65,6,17,0.99565,0.63,11.8,6
0.09,5,10,0.99418,0.57,11.8,6
0.18,6,20,0.9963,0.6,10.2,6
0.08,13,26,0.99358,0.72,12.5,7
0.53,3,10,0.99572,0.83,10.9,7
0.53,3,10,0.99572,0.83,10.9,7
0.35,28,52,0.997,0.62,10.8,5
0.45,19,37,0.99498,0.89,11.1,7
0.2,30,92,0.99892,0.58,9.2,5
0.26,33,75,0.9968,0.58,9.5,6
0.33,16,37,0.9972,0.58,10.7,6
0.2,30,92,0.99892,0.58,9.2,5
0.34,45,67,0.99769,0.86,10.2,7
0.56,3,8,0.99534,0.73,11.4,6
0.65,3,8,0.99817,0.58,11,5
0.65,3,8,0.99817,0.58,11,5
0.68,37.5,278,0.99316,0.51,12.3,7
0.56,3,8,0.99471,0.51,11.8,6
0.68,37.5,289,0.99316,0.51,12.3,7
0.3,31,70,0.99685,0.59,9.5,6
0.45,32,59,0.99617,0.77,12,6
0.3,31,70,0.99685,0.59,9.5,6
0.08,40,64,0.99529,0.49,9.6,5
0.4,3,9,0.99738,0.66,11.6,7
0.42,18,30,0.994,0.69,11.2,6
0.54,22,41,0.99735,0.76,9.9,7
0.54,22,41,0.99735,0.76,9.9,7
0.54,42,74,0.99451,0.63,11.8,8
0.42,8,19,0.99546,0.6,11.4,6
0.09,10,16,0.99479,0.59,11.5,6
0.36,11,31,0.99615,0.86,12,7
0.09,9,17,0.99655,0.49,10.8,6
0.47,6,20,0.99772,0.5,10.5,5
0.09,9,17,0.99655,0.49,10.8,6
0.38,5,18,0.99666,0.52,9.4,5
0.45,5,16,0.99358,0.81,12.5,7
0.38,5,18,0.99666,0.52,9.4,5
0.42,23,36,0.99392,0.78,12.4,6
0.27,14,25,0.99388,0.63,12,6
0.09,18,30,0.99402,0.54,11.2,6
0.27,14,25,0.99388,0.63,12,6
0.34,16,25,0.9936,0.66,12.4,6
0.28,13,49,0.99374,0.6,12.8,5
0.42,9,17,0.99376,0.54,12.3,6
0.41,10,24,0.99523,0.85,11.7,7
0.1,4,13,0.99855,0.49,9.5,5
0.43,27,66,0.9982,0.76,10.8,6
0,6,14,0.99593,0.64,10,6
0.27,23,55,0.99471,0.64,12.3,7
0.41,6,35,0.99396,0.71,11,6
0.39,3,10,0.99698,0.59,9.5,6
0.5,29,80,0.9902,0.66,13.6,6
0.07,15,21,0.99572,0.6,11.3,6
0.07,15,21,0.99572,0.6,11.3,6
0.07,15,21,0.99572,0.6,11.3,6
0.12,14,24,0.99252,0.53,13.3,6
0,7,15,0.99256,0.58,12.9,5
0.34,8,17,0.99235,0.72,13.1,8
0,21,28,0.99352,0.55,12.3,6
0,27,33,0.9922,0.48,12.3,6
0.37,17,29,0.99674,0.65,11.2,6
0,3,13,0.99557,0.62,11.5,4
0.35,13,27,0.99394,0.59,11.3,7
0.26,3,11,0.9915,0.54,13.5,6
0,26,52,0.99379,0.6,11.5,6
0.33,28,89,0.9984,0.68,10,5
0.35,24,70,0.99798,0.69,10.5,6
0,5,10,0.9977,0.63,10.4,6
0.21,57,135,0.99341,0.44,9.5,5
0.34,18,38,0.9933,0.88,13.6,7
0.07,10,18,0.99684,0.68,11.2,7
0.35,6,15,0.99524,0.74,11.8,7
0.43,22,50,0.9946,0.6,11.9,6
0.45,6,13,0.99774,0.76,11.4,6
0.45,6,13,0.99774,0.76,11.4,6
0.15,29,94,0.99786,0.58,9.1,5
0.24,16,86,0.99764,0.64,9.5,6
0.3,33,79,0.9969,0.65,9.5,6
0.32,24,71,0.99624,0.85,11,6
0.11,6,12,0.99354,0.65,11.4,6
0.3,16,20,0.99672,0.82,10,6
0.23,35,70,0.99588,0.62,10.1,5
0.43,31,51,0.99672,0.81,10.4,6
0.12,6,21,0.996,0.87,9.8,6
0.45,6,14,0.99702,0.49,11.8,7
0.42,9,21,0.99526,0.66,11.6,6
0.47,6,11,0.99585,0.52,12,6
0.32,4,12,0.99473,0.76,12.8,7
0.23,16,70,0.99352,0.65,12.5,6
0.25,9,38,0.99616,0.53,9.8,5
0.35,17,38,0.99622,0.66,11.1,6
0,50,63,0.99544,0.68,11.4,6
0.25,9,38,0.99616,0.53,9.8,5
0.51,45,88,0.99524,0.76,11.8,7
0.18,16,101,0.9924,0.87,12.9,7
0.43,22,54,0.99572,1.16,10.6,6
0.43,11,37,0.99728,0.67,10.8,5
0.57,6,20,0.99676,0.72,11.1,7
0.43,12,21,0.99551,0.75,10.2,6
0.42,12,19,0.99434,0.71,11.8,7
0.24,10,21,0.99692,0.67,10,5
0.24,10,21,0.99692,0.67,10,5
0.5,15,38,0.99634,1.1,9.4,5
0.26,7,60,0.99709,0.98,10.2,5
0.39,29,48,0.99528,0.88,12.4,7
0.27,8,44,0.99384,0.56,12,6
0.29,5,14,0.99502,0.62,11.5,6
0.34,5,12,0.99667,0.67,10.5,6
0,26,44,0.99522,0.68,10.8,6
0.46,5,16,0.99649,0.74,12.3,6
0.31,26,65,0.99716,0.62,9.5,6
0.31,26,65,0.99716,0.62,9.5,6
0,48,59,0.99541,0.7,11.5,6
0.03,23,47,0.99572,0.5,11.2,4
0,6,11,0.99318,0.66,12.7,7
0,17,78,0.99346,0.73,11.4,5
0.33,11,47,0.99599,0.81,11,6
0.33,11,47,0.99599,0.81,11,6
0.43,5,11,0.99478,0.46,11.4,5
0.4,41,54,0.99754,0.86,10.5,6
0.07,16,61,0.99572,0.6,9.3,5
0.23,11,119,0.99538,0.7,10.9,5
0.3,6,39,0.99346,0.46,11.9,6
0.03,6,12,0.9963,0.5,12.2,5
0.3,6,39,0.99346,0.46,11.9,6
0.23,11,119,0.99538,0.7,10.9,5
0.05,5,19,0.99616,0.44,9.6,4
0.57,6,20,0.99652,0.57,12.5,6
0,6,12,0.99551,0.51,10.8,5
0.37,11,41,0.99439,0.8,12.4,7
0,6,12,0.99551,0.51,10.8,5
0.12,15,64,0.99588,0.59,9.5,6
0.22,21,56,0.99633,0.6,9.5,6
0.23,23,94,0.99686,0.58,9.5,6
0.21,4,9,0.99458,0.54,9.8,6
0.26,19,77,0.9951,0.79,10.9,6
0.23,23,94,0.99686,0.58,9.5,6
0.21,4,9,0.99458,0.54,9.8,6
0.36,5,10,0.99419,0.54,11.2,7
0.39,6,12,0.99516,0.69,11.7,8
0.19,33,76,0.99878,0.55,9.4,5
0.46,24,44,0.99534,0.85,11,7
0.46,24,44,0.99534,0.85,11,7
0.46,24,44,0.99534,0.85,11,7
0.55,24,52,0.99752,0.94,10,5
0.46,24,44,0.99534,0.85,11,7
0.43,14,24,0.99428,0.87,11.2,7
0.02,8,15,0.99498,0.62,10.4,6
0.15,22,53,0.9957,0.62,9.3,5
0.02,8,15,0.99498,0.62,10.4,6
0.42,5,13,0.99659,0.75,10.5,6
0.46,6,9,0.99628,0.48,10.4,6
0.46,20,29,0.99488,0.56,11.3,6
0.31,10,79,0.99677,0.69,9.5,6
0.37,43,74,0.99408,0.81,12,6
0.31,8,24,0.996,0.69,10.6,6
0.4,25,50,0.99478,0.83,10.9,6
0.52,17,44,0.99734,0.77,11.5,6
0.52,17,44,0.99734,0.77,11.5,6
0.22,33,89,0.99678,0.46,9.6,6
0.47,9,23,0.99638,0.76,12,6
0.49,8,20,0.9992,0.82,10.3,6
0.23,18,77,0.99922,0.51,9.4,5
0.03,27,46,0.99592,0.47,9.2,5
0.25,8,21,0.99769,0.72,9.6,5
0,18,88,0.99157,0.73,13.6,7
0.29,19,66,0.99718,0.64,9.5,5
0.34,15,58,0.9947,0.78,11.8,6
0.01,48,90,0.99621,0.62,10.8,5
0.29,19,66,0.99718,0.64,9.5,5
0.37,14,36,0.99614,0.49,9.3,4
0.01,11,18,0.99242,0.4,12.8,6
0.32,6,113,0.99572,0.56,11.5,4
0,7,17,0.99659,0.64,9.4,6
0.01,11,18,0.99242,0.4,12.8,6
0,12,24,0.99798,0.46,9.6,4
0,11,20,0.99488,0.56,11.8,4
0.2,36,60,0.99494,0.4,9.3,5
0.39,28,65,0.99729,0.59,9.8,5
0.41,15,40,0.99414,0.6,12.2,6
0.22,10,86,0.9983,0.62,9.5,5
0.25,72,160,0.99721,0.54,10.3,6
0.19,15,34,0.99655,0.68,10.5,5
0.07,15,48,0.99502,0.48,10,5
0.19,15,34,0.99655,0.68,10.5,5
0.33,22,36,0.9949,0.75,11.1,6
0.01,24,37,0.99514,0.61,10.9,6
0.01,24,37,0.99514,0.61,10.9,6
0.14,27,60,0.9963,0.59,9.8,5
0,6,14,0.99627,0.58,9.8,5
0,6,13,0.99569,0.58,9.5,5
0.06,20,35,0.99628,0.69,10.9,5
0.02,26,46,0.99358,0.45,11,5
0.22,43,60,0.99499,0.42,9.2,5
0.28,12,69,0.99633,0.7,11,6
0,15,33,0.99538,0.63,11.3,6
0,15,33,0.99538,0.63,11.3,6
0.68,19,56,0.99632,1.15,9.3,5
0,17,24,0.99437,0.55,11.2,4
0.38,34,66,0.99726,0.58,9.8,5
0,13,26,0.9978,0.46,9.6,4
0.32,26,51,0.99456,0.72,11.8,6
0.05,16,36,0.99564,0.6,10.3,6
0.05,16,36,0.99564,0.6,10.3,6
0.5,13,19,0.996,0.87,11.4,6
0.31,21,51,0.99668,0.55,9.5,6
0.03,28,87,0.9908,0.82,14,8
0.01,26,60,0.99084,0.75,14,6
0.2,24,64,0.9935,0.57,11.7,6
0,25,44,0.99385,0.53,11.2,5
0.2,34,44,0.99494,0.43,9.3,5
0.13,17,36,0.9944,0.53,11.2,6
0.22,13,81,0.99688,0.54,9.5,6
0.4,3,10,0.99566,0.56,12,4
0,3,10,0.99636,0.6,9.7,6
0.22,13,81,0.99688,0.54,9.5,6
0.39,3,9,0.9948,0.57,11.5,7
0.2,28,54,0.9956,0.64,10.4,6
0.2,28,54,0.9956,0.64,10.4,6
0,9,22,0.99619,0.68,10.9,6
0.28,17,69,0.99734,0.63,10.2,6
0.19,18,36,0.99476,0.56,10.9,5
0.5,20,47,0.99734,0.57,10.5,5
0.44,17,31,0.99328,0.54,12.4,6
0.08,3,7,0.99286,0.37,13,5
0.3,20,110,0.99914,1.17,10.2,5
0.3,20,110,0.99914,1.17,10.2,5
0,6,12,0.99521,0.59,11,5
0.1,25,60,0.99638,0.75,10.9,6
0.13,14,28,0.99362,0.67,12.4,6
0,6,12,0.99672,0.49,9.7,4
0.1,25,60,0.99638,0.75,10.9,6
0,51,77.5,0.99558,0.45,9.5,5
0,51,77.5,0.99558,0.45,9.5,5
0.14,15,29,0.99323,0.61,12.1,6
0,11,18,0.99191,0.56,12.2,6
0,5,9,0.99476,0.4,10.9,3
0,15,28,0.99444,0.61,12.5,6
0.07,20,57,0.99598,0.74,11.7,6
0.32,4,15,0.99576,0.8,11.2,6
0.44,28,68,0.99501,0.66,11.2,5
0.21,21,68,0.9955,0.44,9.2,5
0.26,24,88,0.99612,0.53,9.8,5
0.32,22,91,0.9979,0.62,10.1,5
0.09,15,29,0.99524,0.52,11.1,4
0.32,22,91,0.9979,0.62,10.1,5
0.1,27,63,0.996,0.61,9.2,5
0.26,24,88,0.99612,0.53,9.8,5
0.15,12,27,0.9929,0.59,12.8,6
0.21,14,41,0.99532,0.47,10.5,5
0.21,20,65,0.99558,0.54,10.1,6
0.21,24,69,0.99556,0.53,10.1,6
0.27,17,91,0.99616,0.58,9.8,6
0,16,46,0.99258,0.59,12.5,6
0.46,10,41,0.99638,0.69,11.9,6
0.27,17,91,0.99616,0.58,9.8,6
0.68,18,64,0.99652,1.33,9.1,6
0.34,12,88,0.99796,0.66,10.1,5
0,16,46,0.99258,0.59,12.5,6
0.42,9,18,0.99392,0.55,11.4,5
0.39,21,55,0.99495,0.82,11,7
0.24,18,34,0.9948,0.6,10.6,6
0.24,18,34,0.9948,0.6,10.6,6
0.24,18,34,0.9948,0.6,10.6,6
0.24,18,34,0.9948,0.6,10.6,6
0.11,13,38,0.9955,0.52,9.3,5
0.26,17,91,0.99616,0.56,9.8,6
0.26,17,91,0.99616,0.56,9.8,6
0.26,31,67,0.99668,0.46,9.2,5
0.1,6,25,0.99581,0.43,9.7,6
0.22,12,48,0.9976,0.51,9.6,5
0,4,11,0.99608,0.52,10,5
0.02,19,40,0.99387,0.66,12.6,6
0,15,26,0.99448,0.45,9.5,5
0,15,26,0.99448,0.45,9.5,5
0,15,26,0.99448,0.45,9.5,5
0.02,13,31,0.99538,0.54,10.5,6
0.02,13,31,0.99538,0.54,10.5,6
0.02,13,31,0.99538,0.54,10.5,6
0.02,17,31,0.99589,0.51,10.4,6
0.02,13,31,0.99538,0.54,10.5,6
0.48,8,20,0.99852,0.53,11,5
0.24,10,28,0.99613,0.53,10.2,6
0.01,5,13,0.99472,0.56,11.4,5
0.03,7,12,0.99587,0.39,9.5,5
0.03,7,12,0.99587,0.39,9.5,5
0,21,41,0.99518,0.52,10.8,5
0.29,32,73,0.99654,0.57,10,5
0.01,8,46,0.99332,0.51,11.8,6
0.03,14,57,0.9969,0.46,10.3,5
0.03,14,57,0.9969,0.46,10.3,5
0.03,7,28,0.99568,0.52,10,5
0.25,5,32,0.99464,0.44,10.1,5
0.25,4,28,0.99464,0.44,10.1,5
0.24,27,67,0.99648,0.59,11.1,6
0.17,52,98,0.99736,0.5,9.5,5
0.4,6,28,0.99704,0.65,10.03333333,6
0.31,11,38,0.99699,0.56,10.9,5
0.14,13,54,0.99724,0.54,10.1,5
0.4,6,28,0.99704,0.65,10.03333333,6
0.27,11,63,0.99652,0.48,9.8,4
0.02,10,31,0.995,0.53,11.8,6
0.09,10,42,0.9971,0.62,9.5,5
0.08,10,45,0.99576,0.5,9.8,5
0.3,9,105,0.99725,1.18,10.5,6
0.32,16,74,0.99656,0.5,9.8,6
0,4,8,0.99396,0.37,10.4,4
0.51,12,66,0.99623,1.17,9.2,5
0.56,5,14,0.99476,1.03,11.6,6
0.51,12,66,0.99623,1.17,9.2,5
0.27,34,89,0.99664,0.45,9.3,5
0,16,29,0.99471,0.51,9.8,3
0.26,13,100,0.99586,0.52,9.9,5
0.2,7,31,0.9946,0.46,10,5
0.26,23,74,0.9953,0.62,12.2,6
0.15,10,28,0.99609,0.51,9.9,6
0.02,11,35,0.99557,0.62,10.8,6
0.02,11,35,0.99557,0.62,10.8,6
0.09,4,25,0.99534,0.45,9.6,5
0.22,25,105,0.99613,0.49,9.9,5
0.22,25,105,0.99613,0.49,9.9,5
0.15,20,84,0.99593,0.5,9.5,5
0.25,34,85,0.99668,0.42,9.2,5
0.07,8,23,0.9961,0.58,9.6,5
0.07,8,23,0.9961,0.58,9.6,5
0.31,7,49,0.99718,0.68,10.3,5
0.02,36,111,0.99524,0.53,9.7,5
0,15,33,0.99292,0.59,12.5,6
0.22,5,33,0.99612,0.58,11,5
0.06,5,12,0.9942,0.48,9.8,5
0.25,19,59,0.99612,0.48,10.2,5
0.14,27,73,0.99669,0.48,9.2,5
0.1,3,12,0.99745,0.65,9.55,6
0.1,4,11,0.99745,0.65,9.55,5
0.26,17,104,0.99584,0.52,9.9,5
0.12,13,28,0.9966,0.62,10.2,7
0,10,24,0.9956,0.72,11.1,6
0.21,33,141,0.9962,0.51,9.9,5
0.21,33,141,0.9962,0.51,9.9,5
0.42,6,24,0.9963,0.82,11.9,6
0.33,3,13,0.996,1.1,10,8
0.39,12,46,0.9985,0.62,10.7,6
0.3,18,34,0.9952,0.9,11.3,7
0.34,8,22,0.9974,0.94,10.9,6
0,40,54,0.995,0.93,10.7,6
0.36,35,53,0.995,1.01,12.4,7
0,40,54,0.995,0.93,10.7,6
0,5,16,0.9936,0.44,11.9,6
0.4,8,19,0.9963,0.73,10.6,6
0.34,8,22,0.9974,0.94,10.9,6
0.25,12,89,0.9963,0.9,10.1,5
0.59,3,15,0.9994,0.78,9.6,5
0,8,18,0.9966,0.84,9.4,5
0.59,3,15,0.9994,0.78,9.6,5
0.33,21,37,0.9952,0.77,12.1,7
0.01,3,19,0.995,0.46,9.8,5
0.21,32,133,0.9956,0.45,9.9,5
0.01,3,19,0.995,0.46,9.8,5
0.18,24,58,0.9965,0.58,9.4,5
0,39,55,0.9956,0.84,11.4,6
0.09,14,31,0.9968,0.67,11,4
0.37,8,23,0.9974,0.7,9.6,6
0.37,8,23,0.9974,0.7,9.6,6
0.37,23,60,0.9971,0.71,12.1,6
0.33,6,23,0.9957,0.58,11.2,5
0,27,55,0.9962,0.63,11,5
0.4,38,67,0.996,0.93,11.3,5
0.24,18,47,0.9956,0.62,10.4,5
0.31,13,74,0.9958,0.54,9.9,6
0,3,11,0.9944,0.85,11.7,6
0.16,11,25,0.9955,0.74,10.1,7
0.37,55,95,1.00369,0.77,9,6
0.37,55,95,1.00369,0.77,9,6
0.38,27,90,0.99914,0.65,8.5,5
0.29,15,39,0.99577,0.54,11.1,5
0,3,8,0.996,0.47,10.3,5
0.02,31,92,0.99566,0.68,11.06666667,6
0.32,15,28,0.9947,0.73,11.3,7
0.19,19,98,0.99713,0.52,9.566666667,6
0.02,18,30,0.99712,0.75,9.8,5
0.2,8,22,0.99322,0.49,11.7,5
0.02,31,92,0.99566,0.68,11.1,6
0.19,19,98,0.99713,0.52,9.6,6
0.02,18,30,0.99712,0.75,9.8,5
0,22,39,0.99701,0.74,9.7,5
0.01,40,54,0.99683,0.73,9.7,5
0.31,15,29,0.99472,0.76,11.3,8
0.32,15,28,0.9947,0.73,11.3,7
0.44,8,17,0.99732,0.78,11,7
0.02,37,53,0.99374,0.76,11.6,7
0.33,27,85,0.99706,0.58,9,5
0.63,7,23,0.99974,0.69,10.9,6
0,9,17,0.99467,0.63,10.9,6
0.06,38,89,0.99236,0.5,10.55,6
0.33,27,85,0.99706,0.58,9,5
0.4,8,20,0.99603,0.6,10.5,5
0.35,7,15,0.99458,0.8,11.9,7
0.09,34,64,0.99724,0.68,10.4,6
0,6,13,0.99664,0.61,10,4
0.03,14,31,0.99545,0.58,10.4,6
0.01,14,39,0.99522,0.53,10.8,6
0.1,34,53,0.9958,0.67,9.7,5
0.1,34,53,0.9958,0.67,9.7,5
0.32,31,54,0.99728,0.65,10,7
0.08,19,32,0.99648,0.57,11,4
0.32,31,54,0.99728,0.65,10,7
0.05,20,49,0.99705,0.55,9.7,3
0.11,8,24,0.99578,0.47,9.7,5
0.08,8,16,0.99334,0.52,12.6,5
0.6,23,44,0.99656,0.79,11.1,6
0.08,14,45,0.99336,0.54,11,5
0.5,48,82,1.00242,0.75,8.8,5
0.11,16,89,0.99182,0.88,13.56666667,7
0.5,48,82,1.00242,0.75,8.8,5
0.11,16,89,0.99182,0.88,13.6,7
0.05,3,14,0.99808,0.52,10.2,3
0.6,10,22,0.99828,0.68,10.6,5
0.03,6,13,0.99498,0.62,10.1,4
0.6,10,22,0.99828,0.68,10.6,5
0.54,3,9,0.99719,0.57,10.3,4
0.44,6,12,0.99542,0.61,10.7,5
0.06,4,11,0.99592,0.64,10.9,4
0.16,8,25,0.99606,0.55,9.7,5
0.21,9,23,0.99546,0.6,10.3,5
0.05,9,17,0.99496,0.78,10.6,5
0.04,5,13,0.9942,0.58,11.4,5
0.1,4,11,0.99448,0.76,10.8,6
0.49,8,18,0.99344,0.56,12.4,6
0.04,5,13,0.9942,0.58,11.4,5
0.06,6,18,0.99348,0.54,11.95,5
0.26,23,147,0.99636,0.59,9.7,5
0.09,15,28,0.99459,0.7,10,7
0.02,15,28,0.99492,0.81,10.6,6
0.26,23,147,0.99636,0.59,9.7,5
0.03,7,16,0.99508,0.63,11.5,6
0.04,7,13,0.99582,0.58,10.8,6
0.03,7,16,0.99508,0.63,11.5,6
0.04,8,15,0.99508,0.53,9.6,5
0.29,21,64,0.99642,0.53,9.4,5
0.18,15,60,0.99638,0.54,9.8,5
0.39,6,14,0.99555,0.69,11,6
0.57,5,12,0.99605,0.55,11.4,6
0.02,6,12,0.996,0.63,9.95,3
0.05,6,14,0.99562,0.66,10.8,6
0.57,5,12,0.99605,0.55,11.4,6
0.6,17,25,0.99814,0.72,10.6,6
0.4,7,20,0.9941,0.7,11.1,5
0.21,26,48,0.99661,0.77,9.7,6
0.04,19,27,0.99712,0.67,9.8,5
0.04,11,17,0.99588,0.65,10.4,6
0.15,17,65,0.99294,0.6,10.5,6
0.21,16,65,0.99842,0.72,9.233333333,6
0.21,16,65,0.99842,0.72,9.25,6
0.25,23,58,0.99633,0.97,10.6,5
0.06,29,44,0.99489,0.83,10.3,6
0.46,7,20,0.99647,0.63,10.5,5
0.08,14,27,0.99665,0.58,10.2,5
0.06,29,44,0.99489,0.83,10.3,6
0.2,9,23,0.99585,0.43,9.05,4
0.25,23,58,0.99633,0.97,10.6,5
0.25,29,61,0.9953,0.6,10.4,5
0.19,22,47,0.99522,0.78,10,6
0.08,18,34,0.99552,0.64,9.7,5
0.08,18,38,0.99553,0.65,9.6,6
0.07,15,24,0.9951,0.66,10.8,6
0.49,21,59,0.99714,0.67,10.1,6
0.08,42,52,0.99608,0.6,10.2,6
0.09,9,18,0.99444,0.69,11.3,6
0.1,13,28,0.99631,0.66,10.2,5
0.13,18,22,0.99573,0.68,9.9,6
0.3,32,84,0.99717,0.61,9,5
0.14,13,29,0.99397,0.62,11.7,7
0.13,15,35,0.9959,0.59,9.7,6
0.08,24,45,0.99528,0.68,10.3,6
0.08,20,31,0.99484,0.64,10.2,6
0.09,15,26,0.99538,0.63,12,5
0.32,34,60,0.99714,0.78,9.9,5
0.08,11,32,0.99646,0.63,11.6,6
0.29,19,49,0.99666,0.76,10.9,7
0.02,29,38,0.99472,0.56,10.75,6
0.42,14,19,0.99758,0.57,10.4,6
0.43,12,19,0.9955,0.81,11.2,7
0.33,16,28,0.99531,0.64,10.1,6
0.02,17,26,0.99575,0.61,10.2,5
0.1,12,26,0.99306,0.51,12.1,5
0.5,19,50,0.99783,0.58,10.4,5
0.3,17,24,0.99419,0.7,11.4,8
0,17,26,0.99783,0.53,9.5,5
0,18,27,0.99768,0.54,9.4,5
0.01,32,54,0.99586,0.66,11.3,6
0,18,28,0.99765,0.6,9.4,5
0.02,15,23,0.99627,0.6,11,6
0.17,15,24,0.99514,0.68,10.55,7
0.04,12,20,0.99636,0.56,9.9,5
0.02,15,23,0.99627,0.6,11,6
0.33,66,115,0.99787,0.56,9.5,5
0.26,31,131,0.99622,0.52,9.9,5
0.26,31,131,0.99622,0.52,9.9,5
0.26,31,131,0.99622,0.52,9.9,5
0.13,12,20,0.99546,0.54,10.1,5
0.13,12,20,0.99546,0.54,10.1,5
0.13,12,20,0.99546,0.54,10.1,5
0.02,26,42,0.99489,0.82,10.9,6
0.64,24,52,0.99494,0.71,11.2,6
0.13,12,20,0.99546,0.54,10.1,5
0.13,25,42,0.99629,0.59,9.2,5
0.14,15,34,0.99396,0.57,11.5,6
0.53,19,35,0.9934,0.93,12.4,6
0.14,15,25,0.99514,0.65,11.1,6
0.32,35,104,0.99632,0.51,9.5,5
0.2,15,50,0.99467,0.67,12.5,6
0.78,23,92,0.99677,0.48,10.5,6
0.4,12,20,0.99474,0.64,11.8,6
0.63,16,29,0.99588,0.78,10.8,6
0.15,13,27,0.99622,0.6,11.9,6
0.15,13,20,0.9954,0.67,11.3,6
0.09,24,32,0.99402,0.6,11.3,5
0.33,9,26,0.9947,0.6,11.9,6
0.09,24,32,0.99402,0.6,11.3,5
0.1,13,27,0.99362,0.5,11.9,5
0.29,32,98,0.99578,0.62,9.8,5
0.44,24,34,0.99484,0.8,11.6,7
0.44,22,48,0.99494,0.84,11.5,6
0.41,34,60,0.99492,0.85,11.4,6
0.11,18,28,0.99483,0.66,10.9,6
0.33,34,102,0.99414,0.78,12.8,6
0.2,29,79,0.9977,0.54,9.2,5
0.15,26,35,0.99314,0.82,11.6,6
0.09,16,26,0.99402,0.56,11.6,6
0.13,29,40,0.99574,0.75,11,6
0.08,28,38,0.99651,0.82,9.5,6
0.08,32,44,0.9949,0.58,10.5,5
0.1,39,51,0.99512,0.76,11.2,6
0.13,29,40,0.99574,0.75,11,6
0.12,32,44,0.99547,0.71,10.2,5
0.47,18,42,0.99549,0.66,11,6
